username,tag,region
SEN nightz,aim,na
the chosen one,mØØda,na
humblegod,1122,na
ENVY POPPIN,GUIDE,na
KRÜ Shyy,Flow,na
TSM vora,tay,na
LAGGINGLEGEND777,LVgod,na
100T Cryo,0001,na
victini,vvv,na
Peggsterr,NJLTC,na
poppinsguide com,BUYYY,na
Make It Happen,tygod,na
ENVY Eggsterr,NJLTC,na
C9 MCDS WORKER,FRIES,na
EG supamen,612,na
LEV Rossy,Amen,na
ttv jowa,sama,na
poppinsguide com,BUY,na
G2 JonahP,0004,na
bloonsplayer,add,na
LOUD v1nNy,s2i,na
sen z,5193,na
M80 okeanos,502,na
UCLA ducq,smoph,na
lucas,fonem,na
niwt,147,eu
NEXUS Favian,Favi,eu
Nun,cheza,eu
Liquid NINJA,mdsn,eu
Fractioned,SSJ,eu
FNATIC kaajak,MAJA,eu
TaKeR,huh,eu
KC Elite,BLUE,eu
WaddlesThePig,OINK,eu
QAD sibeastw0w,toxa,eu
NAVI Ruxic,AIM,eu
chapix,jheez,eu
TH MiniBoo,2440,eu
MOUZ Fizzy,fizz,eu
aimDLLv2,DLL,eu
Stop,BACK,eu
lovers RU,0000,eu
CG Kajuks,1337,eu
VIT Kicks,BONK,eu
Coly,best,eu
Kolosha,7697,eu
KC f4ngeer,2911,eu
indecision,real,eu
Akio,SOLOQ,eu
hwks,dehka,eu
chinese queen,ccp,ap
Shuist,Muay,ap
endoistzin,bless,ap
Storrism,lft,ap
GenG Xiesta,0324,ap
沖縄に行くために,1tab,ap
snappyคาบบบบ,XGOD,ap
PRX something,112,ap
은둔고수,KOR,ap
DRX ZynX,V S,ap
QM3338275683T,STR99,ap
Kawahirako,N A 1,ap
basbabe,iu3,ap
grumble,1111,ap
tiktok jitboyy,XGOD,ap
Glimpse of us,112,ap
Vinicius Junior,k1wsy,ap
AQG ZmjjKK 屹,AQUA,ap
14y old PeGasus,2010,ap
DRX Flicker,V S,ap
Scooby dooby doo,wheru,ap
bme 9,ddddd,ap
NFX Yowamu,486z,ap
鑑明者塵垢弗能埋,VGOD,ap
Inugami Korone,nari,ap
코린이유튜브구독좋아요알림설정,댓글껄쥐,kr
륜계최,2005,kr
영면에 들다,doubt,kr
Heavenly Wings,0317,kr
Xvape,1111,kr
매너유저,즐겜유저,kr
Cletus Kasady,6857,kr
최강전사미니특공대,메카니멀,kr
xae0,1309,kr
토리코,2002,kr
한지유,ZEFL1,kr
Y C,1127,kr
DRX 김 현,1020,kr
最 强,Ryan,kr
폼하니 팜 미쳤다,유튜브켈란,kr
Llama,1004,kr
mapnxcuteit,ezxit,kr
수현이의 노예,0901,kr
Until The End,Amour,kr
ALpaca,1003,kr
LoveStruck,930,kr
c0ckroach,123,kr
흑화한잼민이TV,구독좋아요,kr
RacyPpy,Liebe,kr
밥풀묻은고양이,0818,kr
LEV ghoul33,2007,br
LEV blowz,2007,br
ƒuria mw,2001,br
LEV Neon,1111,br
MENØR PRØBLEMA,tir0,br
GRE tiezzi,zzz,br
TBK ind,999L,br
M80 Sato,lixo,br
summer,mafer,br
MIBR luid99,66grp,br
ZZZANATSU,DESU,br
Make It Happen,tygod,br
the downfall of,spec,br
Chase,2404,br
LOUD v1nNy,s2i,br
sterlie,MMIX,br
MIBR cortezia,JESUS,br
LEV erde,zzz,br
tisora,zzz,br
2G nonee,vii,br
STE phc,18y,br
9z MikeyTap,Room,br
SHI david,ponix,br
KRÜ Dantedeu5,Ssora,br
SHI snwziN,awp,br
KLG sh0twell,moon,latam
ativik,qkw,latam
KRÜ Mazino,nicol,latam
ZEN miyeon,Aline,latam
SHI david,isi,latam
Motita,Fran,latam
6K Jowzera,000,latam
AUS nx1,ssj,latam
kdr 粘,1337,latam
TulaShyydeuS,ssj69,latam
STR berN4,LAS2,latam
htm,brr,latam
AUS lead,444,latam
DSN Bugh1nio,2006,latam
Ode To The Mets,zzz,latam
iC0NiC,1108,latam
marcefps,aim,latam
Krü Melser,nenee,latam
koN,blood,latam
KLG Kramz,16y,latam
lf duo lol,lol,latam
Dobsha,0000,latam
EvoLuZionz,iwnl,latam
DEWÜ JnZ,13y,latam
ILS0niiC,MyG,latam
